{
  "sparse_l1_w0.001": {
    "count": 8,
    "generalization_gap": {
      "mean": 0.16105331480503082,
      "std": 0.015362332849805208,
      "min": 0.149569571018219,
      "max": 0.18570059537887573
    },
    "final_test_acc": {
      "mean": 0.8278186470270157,
      "std": 0.013535973219196066,
      "min": 0.8063725829124451,
      "max": 0.8382353186607361
    }
  },
  "sparse_l1_w0.01": {
    "count": 4,
    "generalization_gap": {
      "mean": 0.15312349796295166,
      "std": 0.03934043969448015,
      "min": 0.11038976907730103,
      "max": 0.20227164030075073
    },
    "final_test_acc": {
      "mean": 0.8284313976764679,
      "std": 0.037385820929015656,
      "min": 0.7843137383460999,
      "max": 0.8700980544090271
    }
  },
  "sparse_binary_w0.001": {
    "count": 4,
    "generalization_gap": {
      "mean": 0.17331717908382416,
      "std": 0.022283193051800158,
      "min": 0.15263032913208008,
      "max": 0.20471066236495972
    },
    "final_test_acc": {
      "mean": 0.8137255162000656,
      "std": 0.02164647310859285,
      "min": 0.7843137383460999,
      "max": 0.8357843160629272
    }
  },
  "sparse_binary_w0.01": {
    "count": 4,
    "generalization_gap": {
      "mean": 0.14210306107997894,
      "std": 0.018140866443070402,
      "min": 0.12693685293197632,
      "max": 0.16309183835983276
    },
    "final_test_acc": {
      "mean": 0.8376225680112839,
      "std": 0.017374333819902023,
      "min": 0.8161764740943909,
      "max": 0.8529412150382996
    }
  }
}